{
  "experiment": "exp-24-prompt-injection",
  "results": [
    {
      "name": "关键词过滤",
      "intercept_rate": 0.6333333333333333,
      "false_kill_rate": 0.0,
      "precision": 1.0,
      "recall": 0.6333333333333333,
      "f1": 0.7755102040816326
    },
    {
      "name": "指令隔离",
      "intercept_rate": 0.23333333333333334,
      "false_kill_rate": 0.0,
      "precision": 1.0,
      "recall": 0.23333333333333334,
      "f1": 0.37837837837837834
    },
    {
      "name": "意图检测",
      "intercept_rate": 0.36666666666666664,
      "false_kill_rate": 0.0,
      "precision": 1.0,
      "recall": 0.36666666666666664,
      "f1": 0.5365853658536585
    },
    {
      "name": "多层防御",
      "intercept_rate": 0.6333333333333333,
      "false_kill_rate": 0.0,
      "precision": 1.0,
      "recall": 0.6333333333333333,
      "f1": 0.7755102040816326
    }
  ]
}