{
  "experiment": "exp-29-ablation",
  "full_performance": 0.9755322849856405,
  "contributions": {
    "Prompt": 0.30443484304116497,
    "Tool": 0.2751197826882158,
    "Memory": 0.36786416465036365,
    "Cognition": 0.4095362265245144
  },
  "results": {
    "full": {
      "avg": 0.9755322849856405
    },
    "no_prompt": {
      "avg": 0.6710974419444755
    },
    "no_tool": {
      "avg": 0.7004125022974247
    },
    "no_memory": {
      "avg": 0.6076681203352768
    },
    "no_cognition": {
      "avg": 0.5659960584611261
    },
    "no_pt": {
      "avg": 0.40038545801194314
    },
    "no_mc": {
      "avg": 0.3047699454994329
    }
  }
}