{
  "experiment": "exp-20-morphbench-mini",
  "config": {
    "tasks": 3,
    "interventions": 3,
    "trials_per_condition": 5
  },
  "results_matrix": {
    "逻辑推理|无干预": [
      0.4483129403318466,
      0.4623734320829196,
      0.4343838166173468,
      0.4764716479851744,
      0.44075416058960487
    ],
    "逻辑推理|提示增强": [
      0.64865603731991,
      0.5395088635821021,
      0.6423021792932306,
      0.5553966332514569,
      0.45133617922114444
    ],
    "逻辑推理|工具增强": [
      0.6340361226229081,
      0.6522890094161657,
      0.634970073349527,
      0.6601242961048891,
      0.6245954698520029
    ],
    "知识检索|无干预": [
      0.7012311655262788,
      0.5491397899908111,
      0.616044805959265,
      0.687514041309786,
      0.8323890757094792
    ],
    "知识检索|提示增强": [
      0.7795199602124586,
      0.8594695156710324,
      0.8527355993989216,
      0.8529800990785182,
      0.772143211614011
    ],
    "知识检索|工具增强": [
      0.9591065308391101,
      0.8636940904446332,
      0.783475118025089,
      0.7180687120500677,
      0.870226970869985
    ],
    "文本生成|无干预": [
      0.6236914696812478,
      0.5698868672097128,
      0.629558754221115,
      0.6034034786265312,
      0.5329925191808246
    ],
    "文本生成|提示增强": [
      0.5669669314904402,
      0.7596330068168012,
      0.8820435307761482,
      0.6292312598581773,
      0.713739494922774
    ],
    "文本生成|工具增强": [
      0.8594985648134617,
      0.8012278322747667,
      0.6621647512032606,
      0.8310422796669195,
      0.6304610286105194
    ]
  }
}